{"cameraMode":{"drawMode":0,"name":"Shaded","section":"Shading Mode"},"sceneLighting":false,"audioPlay":false,"sceneViewState":{"m_AlwaysRefresh":false,"showFog":true,"showSkybox":false,"showFlares":true,"showImageEffects":true,"showParticleSystems":true,"showVisualEffectGraphs":true,"m_FxEnabled":true},"in2DMode":false,"pivot":{"x":-0.1614656001329422,"y":0.015675686299800874,"z":0.63679438829422},"rotation":{"x":-0.22222548723220826,"y":-0.31717559695243838,"z":0.07671750336885452,"w":-0.9187919497489929},"size":2.1213202476501467,"orthographic":false}