{"cameraMode":{"drawMode":0,"name":"Shaded","section":"Shading Mode"},"sceneLighting":false,"audioPlay":false,"sceneViewState":{"m_AlwaysRefresh":false,"showFog":true,"showSkybox":false,"showFlares":true,"showImageEffects":true,"showParticleSystems":true,"showVisualEffectGraphs":true,"m_FxEnabled":true},"in2DMode":false,"pivot":{"x":-0.09085977077484131,"y":0.0041994452476501469,"z":0.371473491191864},"rotation":{"x":-0.055114585906267169,"y":0.8157684803009033,"z":-0.07880505174398422,"w":-0.5703898072242737},"size":0.8660253882408142,"orthographic":false}